Prompt ID,Prompt,Cohere Response,Gemini Response,OpenAI Response,Llama Response,Mixtral Response
prompt1,Who build Taj Mahal?,"The Taj Mahal was built by the Mughal emperor Shah Jahan in memory of his favorite wife, Mumtaz Mahal. Construction began in 1632 and was completed in 1653. The Taj Mahal is widely considered one of the most beautiful examples of Mughal architecture and is a UNESCO World Heritage Site.",Shah Jahan,The Taj Mahal was built by Mughal Emperor Shah Jahan.,"The Taj Mahal was built by Mughal Emperor Shah Jahan. The construction of the monument began in 1632 and took around 22 years to complete, with a workforce of over 20,000 laborers and artisans. The main architect of the Taj Mahal was Ustad Ahmad Lahori, a Persian architect who was commissioned by Shah Jahan to design the monument as a mausoleum for his beloved wife, Mumtaz Mahal.

Shah Jahan was the fifth Mughal Emperor, who ruled India from 1628 to 1658. He was a wealthy and powerful ruler who loved his wife, Mumtaz Mahal, deeply. When she died in 1631, Shah Jahan was grief-stricken and decided to build a magnificent monument in her memory. The result was the Taj Mahal, a stunning white marble mausoleum that would become one of the most famous buildings in the world.

The construction of the Taj Mahal required immense resources and labor. Thousands of skilled artisans, including stonemasons, carpenters, and laborers, worked on the project, using the finest materials, including white marble from the nearby town of Makrana.

Today, the Taj Mahal is considered one of the Seven Wonders of the Modern World and a UNESCO World Heritage Site.","The Taj Mahal was built by the Mughal emperor Shah Jahan as a mausoleum for his wife, Mumtaz Mahal. It is located in Agra, India, and was completed in 1653. The Taj Mahal is made of white marble and is considered one of the most beautiful and iconic buildings in the world. It is a UNESCO World Heritage Site and is visited by millions of tourists every year."
prompt2,Name the Prime Minister of India.,The current Prime Minister of India is Narendra Modi. He has been in office since 2014 and is the leader of the Bharatiya Janata Party (BJP). Narendra Modi is known for his pro-business policies and his efforts to improve India's infrastructure and economy. He has also been criticized for his handling of issues related to religious and ethnic minorities in India.,Narendra Modi,"As of my last update, the Prime Minister of India is Narendra Modi.",The Prime Minister of India is Narendra Modi.,"As of my last update, the Prime Minister of India is Narendra Modi. He has been in office since May 2014. However, please check the most recent sources as this information might have changed."
prompt3,How is the weather?,"I am an AI language model and do not have access to external sensors or data sources to provide real-time weather information. However, I can provide general information about weather patterns and conditions. 

Weather is the state of the atmosphere at a given time and place, including temperature, humidity, precipitation, wind speed and direction, and other factors. It is influenced by various factors such as air pressure, ocean currents, and the Earth's rotation. Weather conditions can vary significantly from one location to another and can change rapidly over time.

Weather patterns can be classified into several types, including:

- Tropical: Tropical weather is characterized by high temperatures, high humidity, and heavy rainfall. It is common in regions near the equator, such as the Caribbean, Southeast Asia, and Central America.
- Subtropical: Subtropical weather is similar to tropical weather but is generally less humid and has more moderate temperatures. It is common in regions such as the southern United States, southern Europe, and parts of South America.
- Temperate: Temperate weather is characterized by moderate temperatures and moderate rainfall. It is common in regions such as the northern United States, northern Europe, and parts of Asia.
- Polar: Polar weather is characterized by low temperatures, low humidity, and little to no precipitation. It is common in regions near the poles, such as the Arctic and Antarctica.

Weather conditions can have a significant impact on human activities, such as agriculture, transportation, and outdoor recreation. It is important to stay informed about weather conditions and to take appropriate precautions to ensure safety and comfort.","I do not have real-time access to the internet and cannot provide current weather information. To get the most up-to-date and accurate weather forecast, I recommend checking a reputable weather app or website.","As an artificial intelligence, I don't have the ability to perceive or provide real-time weather updates. Please check a reliable weather forecast website or app for this information.","I'm an AI, I don't have real-time access to current weather conditions. My training data is up to 2023, and I don't have the ability to browse the internet or access current information. However, I can provide you with general information about weather patterns or help you with weather-related questions if you'd like.","I don't have real-time access to weather data. However, you can check a reliable weather forecasting website or use a voice assistant to get the current weather conditions."
